Player.ID,Last.Name,First.Name,Bats,Pitches,Team,V7
achta001,Achter,A.J.,R,R,ANA,P
albua001,Alburquerque,Al,R,R,ANA,P
alvaj003,Alvarez,Jose,L,L,ANA,P
baila001,Bailey,Andrew,R,R,ANA,P
bandj001,Bandy,Jett,R,R,ANA,C
bedrc001,Bedrosian,Cam,R,R,ANA,P
bussn001,Buss,Nick,L,R,ANA,OF
calhk001,Calhoun,Kole,L,L,ANA,OF
chacj001,Chacin,Jhoulys,R,R,ANA,P
choij001,Choi,Ji-Man,L,R,ANA,OF
cowak001,Cowart,Kaleb,B,R,ANA,3B
cronc002,Cron,C.J.,R,R,ANA,1B
cunnt001,Cunningham,Todd,B,R,ANA,OF
ege-c001,Ege,Cody,L,L,ANA,P
escoy001,Escobar,Yunel,R,R,ANA,3B
gentc001,Gentry,Craig,R,R,ANA,OF
giavj001,Giavotella,Johnny,R,R,ANA,2B
gratj001,Graterol,Juan,R,R,ANA,C
guerd001,Guerra,Deolis,R,R,ANA,P
guerj002,Guerra,Javy,R,R,ANA,P
heana001,Heaney,Andrew,L,L,ANA,P
huffd001,Huff,David,B,L,ANA,P
linct001,Lincecum,Tim,L,R,ANA,P
mahlg001,Mahle,Greg,L,L,ANA,P
martj007,Marte,Jefry,R,R,ANA,1B
meyea001,Meyer,Alex,R,R,ANA,P
morim002,Morin,Mike,R,R,ANA,P
navad002,Nava,Daniel,B,L,ANA,OF
nolar001,Nolasco,Ricky,R,R,ANA,P
oberb001,Oberholtzer,Brett,L,L,ANA,P
orter001,Ortega,Rafael,L,R,ANA,OF
pennc001,Pennington,Cliff,B,R,ANA,2B
perec003,Perez,Carlos,R,R,ANA,C
petig001,Petit,Gregorio,R,R,ANA,2B
pujoa001,Pujols,Albert,R,R,ANA,1B
ramij002,Ramirez,J.C.,R,R,ANA,P
rasmc002,Rasmus,Cory,R,R,ANA,P
richg002,Richards,Garrett,R,R,ANA,P
robis001,Robinson,Shane,R,R,ANA,OF
ryanb002,Ryan,Brendan,R,R,ANA,2B
salaf001,Salas,Fernando,R,R,ANA,P
santh001,Santiago,Hector,R,L,ANA,P
shoem001,Shoemaker,Matt,R,R,ANA,P
simma001,Simmons,Andrelton,R,R,ANA,SS
skagt001,Skaggs,Tyler,L,L,ANA,P
smitj002,Smith,Joe,R,R,ANA,P
sotog001,Soto,Geovany,R,R,ANA,C
streh001,Street,Huston,R,R,ANA,P
tropn001,Tropeano,Nick,R,R,ANA,P
troum001,Trout,Mike,R,R,ANA,OF
valdj003,Valdez,Jose,R,R,ANA,P
weavj003,Weaver,Jered,R,R,ANA,P
wrigd003,Wright,Daniel,R,R,ANA,P
ahmen001,Ahmed,Nick,R,R,ARI,SS
barrj002,Barrett,Jake,R,R,ARI,P
bourm001,Bourn,Michael,L,R,ARI,OF
bracs001,Bracho,Silvino,R,R,ARI,P
brada001,Bradley,Archie,R,R,ARI,P 
brits001,Brito,Socrates,L,L,ARI,OF
burge002,Burgos,Enrique,R,R,ARI,P 
buscm002,Buschmann,Matt,R,R,ARI,P
campv001,Campos,Vicente,R,R,ARI,P
castw002,Castillo,Welington,R,R,ARI,C
chafa001,Chafin,Andrew,R,L,ARI,P 
clipt001,Clippard,Tyler,R,R,ARI,P 
collj001,Collmenter,Josh,R,R,ARI,P
corbp001,Corbin,Patrick,L,L,ARI,P
curtz001,Curtis,Zac,L,L,ARI,P
delar003,de la Rosa,Rubby,R,R,ARI,P
delgr001,Delgado,Randall,R,R,ARI,P
drabk001,Drabek,Kyle,R,R,ARI,P
drurb001,Drury,Brandon,R,R,ARI,3B
escoe002,Escobar,Edwin,L,L,ARI,P
freem002,Freeman,Mike,L,R,ARI,1B
godlz001,Godley,Zack,R,R,ARI,P
goldp001,Goldschmidt,Paul,R,R,ARI,1B
goset001,Gosewisch,Tuffy,R,R,ARI,C 
gossp001,Gosselin,Phil,R,R,ARI,2B
greiz001,Greinke,Zack,R,R,ARI,P 
hanim001,Haniger,Mitch,R,R,ARI,OF
haths001,Hathaway,Steve,L,L,ARI,P
herno002,Hernandez,Oscar,R,R,ARI,C
herrc001,Herrmann,Chris,L,R,ARI,C
hessk001,Hessler,Keith,L,L,ARI,P
hudsd001,Hudson,Daniel,R,R,ARI,P
jensk001,Jensen,Kyle,R,L,ARI,1B
kochm001,Koch,Matt,L,R,ARI,P
lambj001,Lamb,Jake,L,R,ARI,3B
leond003,Leone,Dominic,R,R,ARI,P
loewa001,Loewen,Adam,L,L,ARI,P
marse001,Marshall,Evan,R,R,ARI,P
mills001,Miller,Shelby,R,R,ARI,P
obrip002,O'Brien,Peter,R,R,ARI,OF
owinc001,Owings,Chris,R,R,ARI,2B
perad001,Peralta,David,L,L,ARI,OF
polla001,Pollock,A.J.,R,R,ARI,OF
ray-r002,Ray,Robbie,L,L,ARI,P 
seguj002,Segura,Jean,R,R,ARI,SS
shipb001,Shipley,Braden,R,R,ARI,P
tomay001,Tomas,Yasmany,R,R,ARI,OF
wagnt001,Wagner,Tyler,R,R,ARI,P 
weekr001,Weeks,Rickie,R,R,ARI,2B
ziegb001,Ziegler,Brad,R,R,ARI,P
alvad001,Alvarez,Dario,L,L,ATL,P
aybae001,Aybar,Erick,B,R,ATL,SS
beckg001,Beckham,Gordon,R,R,ATL,3B
blaia001,Blair,Aaron,R,R,ATL,P
bonie001,Bonifacio,Emilio,B,R,ATL,2B
bradj002,Bradley,Jed,L,L,ATL,P
brigr001,Brignac,Reid,L,R,ATL,3B
cabrm003,Cabrera,Mauricio,R,R,ATL,P
castd001,Castro,Daniel,R,R,ATL,2B
cervh001,Cervenka,Hunter,L,L,ATL,P
chacj001,Chacin,Jhoulys,R,R,ATL,P
collj001,Collmenter,Josh,R,R,ATL,P
cunnb001,Cunniff,Brandon,R,R,ATL,P
darnc001,d'Arnaud,Chase,R,R,ATL,SS
delaj003,De La Cruz,Joel,R,R,ATL,P
flowt001,Flowers,Tyler,R,R,ATL,C
foltm001,Foltynewicz,Mike,R,R,ATL,P 
franj004,Francoeur,Jeff,R,R,ATL,OF
freef001,Freeman,Freddie,L,R,ATL,1B
gantj002,Gant,John,R,R,ATL,P
garca004,Garcia,Adonis,R,R,ATL,3B
grilj001,Grilli,Jason,R,R,ATL,P
harrl002,Harrell,Lucas,B,R,ATL,P
carmf001,Hernandez,Roberto,R,R,ATL,P
hursj004,Hursh,Jason,R,R,ATL,P
incie001,Inciarte,Ender,L,L,ATL,OF
jenkt001,Jenkins,Tyrell,R,R,ATL,P
johnj010,Johnson,Jim,R,R,ATL,P
johnk003,Johnson,Kelly,L,R,ATL,OF
kellc001,Kelly,Casey,R,R,ATL,P
kempm001,Kemp,Matt,R,R,ATL,OF
kroli001,Krol,Ian,L,L,ATL,P
lallb001,Lalli,Blake,L,R,ATL,C
markn001,Markakis,Nick,L,L,ATL,OF
markm001,Marksberry,Matt,L,L,ATL,P 
norrb001,Norris,Bud,R,R,ATL,P
ogana001,Ogando,Alexi,R,R,ATL,P
oflae001,O'Flaherty,Eric,L,L,ATL,P
olivh001,Olivera,Hector,R,R,ATL,3B
perew001,Perez,Williams,R,R,ATL,P 
petej002,Peterson,Jace,L,R,ATL,2B
piera001,Pierzynski,A.J.,L,R,ATL,C 
ramij004,Ramirez,Jose,R,R,ATL,P 
recka001,Recker,Anthony,R,R,ATL,C
roe-c001,Roe,Chaz,R,R,ATL,P
ruizr002,Ruiz,Rio,L,R,ATL,3B
simms001,Simmons,Shae,R,R,ATL,P
smitm007,Smith,Mallex,L,R,ATL,OF
snydb003,Snyder,Brandon,R,R,ATL,3B
stubd001,Stubbs,Drew,R,R,ATL,OF
swand001,Swanson,Dansby,R,R,ATL,SS
tehej001,Teheran,Julio,R,R,ATL,P
tuiam001,Tuiasosopo,Matt,R,R,ATL,OF
vizca001,Vizcaino,Arodys,R,R,ATL,P
weber001,Weber,Ryan,R,R,ATL,P
whalr001,Whalen,Rob,R,R,ATL,P
winkd001,Winkler,Daniel,R,R,ATL,P
wislm001,Wisler,Matt,R,R,ATL,P
withc001,Withrow,Chris,R,R,ATL,P 
younm005,Younginer,Madison,R,R,ATL,P
alvad002,Alvarez,Dariel,R,R,BAL,OF
alvap001,Alvarez,Pedro,L,R,BAL,1B
aquij001,Aquino,Jayson,L,L,BAL,P
borbj001,Borbon,Julio,L,L,BAL,OF
bourm001,Bourn,Michael,L,R,BAL,OF
bracb001,Brach,Brad,R,R,BAL,P
bridp001,Bridwell,Parker,R,R,BAL,P
britz001,Britton,Zach,L,L,BAL,P
bundd001,Bundy,Dylan,B,R,BAL,P 
davic003,Davis,Chris,L,R,BAL,1B
despo001,Despaigne,Odrisamer,R,R,BAL,P
drako001,Drake,Oliver,R,R,BAL,P
duenb001,Duensing,Brian,L,L,BAL,P
flahr001,Flaherty,Ryan,L,R,BAL,2B
gally001,Gallardo,Yovani,R,R,BAL,P 
gausk001,Gausman,Kevin,L,R,BAL,P
givem001,Givens,Mychal,R,R,BAL,P 
hardj003,Hardy,J.J.,R,R,BAL,SS
hartd002,Hart,Donnie,L,L,BAL,P
huntt002,Hunter,Tommy,R,R,BAL,P
janip001,Janish,Paul,R,R,BAL,SS
jimeu001,Jimenez,Ubaldo,R,R,BAL,P
jonea003,Jones,Adam,R,R,BAL,OF
josec002,Joseph,Caleb,R,R,BAL,C 
kim-h001,Kim,Hyun Soo,L,R,BAL,OF
machm001,Machado,Manny,R,R,BAL,3B
manct001,Mancini,Trey,R,R,BAL,1B
miraa002,Miranda,Ariel,L,L,BAL,P
matub001,Matusz,Brian,L,L,BAL,P
mcfat001,McFarland,T.J.,L,L,BAL,P
milew001,Miley,Wade,L,L,BAL,P
odayd001,O'Day,Darren,R,R,BAL,P 
ondrl001,Ondrusek,Logan,R,R,BAL,P
pears001,Pearce,Steve,R,R,BAL,OF
penaf001,Pena,Francisco,R,R,BAL,C
reimn001,Reimold,Nolan,R,R,BAL,OF
rickj001,Rickard,Joey,R,L,BAL,OF
roe-c001,Roe,Chaz,R,R,BAL,P
schoj001,Schoop,Jonathan,R,R,BAL,2B
stubd001,Stubbs,Drew,R,R,BAL,OF
tillc001,Tillman,Chris,R,R,BAL,P
tolla001,Tolliver,Ashur,L,L,BAL,P
trumm001,Trumbo,Mark,R,R,BAL,OF
wietm001,Wieters,Matt,B,R,BAL,C
wilst004,Wilson,Tyler,R,R,BAL,P 
worlv001,Worley,Vance,R,R,BAL,P
wrigm001,Wright,Mike,R,R,BAL,P
abadf001,Abad,Fernando,L,L,BOS,P
barnm001,Barnes,Matt,R,R,BOS,P 
benia002,Benintendi,Andrew,L,L,BOS,LF
bettm001,Betts,Mookie,R,R,BOS,OF
bogax001,Bogaerts,Xander,R,R,BOS,SS
bradj001,Bradley,Jackie,L,R,BOS,OF
brenb002,Brentz,Bryce,R,R,BOS,OF
buchc001,Buchholz,Clay,L,R,BOS,P 
castr004,Castillo,Rusney,R,R,BOS,OF
cuevw001,Cuevas,William,R,R,BOS,P
eliar001,Elias,Roenis,L,L,BOS,P
hanir001,Hanigan,Ryan,R,R,BOS,C
hembh001,Hembree,Heath,R,R,BOS,P
hernm003,Hernandez,Marco,L,R,BOS,SS
hilla001,Hill,Aaron,R,R,BOS,2B
holab001,Holaday,Bryan,R,R,BOS,C
holtb002,Holt,Brock,L,R,BOS,2B
kellj001,Kelly,Joe,R,R,BOS,P
kimbc001,Kimbrel,Craig,R,R,BOS,P 
lamar001,LaMarre,Ryan,R,L,BOS,OF
laynt001,Layne,Tom,L,L,BOS,P
leons001,Leon,Sandy,B,R,BOS,C
lighp001,Light,Pat,R,R,BOS,P
marrd001,Marrero,Deven,R,R,BOS,3B
martm003,Martinez,Michael,B,R,BOS,OF
millm003,Miller,Mike,R,R,BOS,SS
moncy001,Moncada,Yoan,B,R,BOS,3B
ortid001,Ortiz,David,L,L,BOS,DH
osuls001,O'Sullivan,Sean,R,R,BOS,P
owenh002,Owens,Henry,L,L,BOS,P
pedrd001,Pedroia,Dustin,R,R,BOS,2B
pomed001,Pomeranz,Drew,R,L,BOS,P
porcr001,Porcello,Rick,R,R,BOS,P
pricd001,Price,David,L,L,BOS,P 
ramih003,Ramirez,Hanley,R,R,BOS,OF
ramin002,Ramirez,Noe,R,R,BOS,P 
rodre004,Rodriguez,Eduardo,L,L,BOS,P 
rossr002,Ross,Robbie,L,L,BOS,P 
rutlj001,Rutledge,Josh,R,R,BOS,SS
sandp001,Sandoval,Pablo,B,R,BOS,3B
scotr001,Scott,Robby,B,L,BOS,P
shawt001,Shaw,Travis,L,R,BOS,1B
smitc004,Smith,Carson,R,R,BOS,P 
swihb001,Swihart,Blake,B,R,BOS,C 
tazaj001,Tazawa,Junichi,R,R,BOS,P 
uehak001,Uehara,Koji,R,R,BOS,P 
vazqc001,Vazquez,Christian,R,R,BOS,C 
wrigs001,Wright,Steven,R,R,BOS,P
younc004,Young,Chris,R,R,BOS,OF
ziegb001,Ziegler,Brad,R,R,BOS,P
abrej003,Abreu,Jose,R,R,CHA,1B
albem001,Albers,Matt,L,R,CHA,P
andet001,Anderson,Tim,R,R,CHA,SS
avila001,Avila,Alex,L,R,CHA,C
beckc002,Beck,Chris,R,R,CHA,P
cabrm002,Cabrera,Melky,B,L,CHA,OF
carrs001,Carroll,Scott,R,R,CHA,P
coatj001,Coats,Jason,R,R,CHA,OF
danit001,Danish,Tyler,R,R,CHA,P
dankj001,Danks,John,L,L,CHA,P
davim005,Davidson,Matt,R,R,CHA,3B
dukez001,Duke,Zach,L,L,CHA,P
eatoa002,Eaton,Adam,L,L,CHA,OF
frazt001,Frazier,Todd,R,R,CHA,3B
fulmc001,Fulmer,Carson,R,R,CHA,P
garca003,Garcia,Avisail,R,R,CHA,OF
garcl004,Garcia,Leury,B,R,CHA,OF
gonzm003,Gonzalez,Miguel,R,R,CHA,P
jacka001,Jackson,Austin,R,R,CHA,OF
jennd003,Jennings,Dan,L,L,CHA,P
johne003,Johnson,Erik,R,R,CHA,P
jonen001,Jones,Nate,R,R,CHA,P
kahnt001,Kahnle,Tommy,R,R,CHA,P
latom001,Latos,Mat,R,R,CHA,P
lawrb002,Lawrie,Brett,R,R,CHA,3B
minaj001,Minaya,Juan,R,R,CHA,P
mornj001,Morneau,Justin,L,R,CHA,1B
narvo001,Narvaez,Omar,L,R,CHA,C
navad001,Navarro,Dioner,B,R,CHA,C
petrj001,Petricka,Jake,R,R,CHA,P
purkm001,Purke,Matt,L,L,CHA,P
putnz001,Putnam,Zach,R,R,CHA,P
quinj001,Quintana,Jose,R,L,CHA,P
ranaa001,Ranaudo,Anthony,R,R,CHA,P
robed002,Robertson,David,R,R,CHA,P
rodoc001,Rodon,Carlos,L,L,CHA,P
rollj001,Rollins,Jimmy,B,R,CHA,SS
salat001,Saladino,Tyler,R,R,CHA,3B
salec001,Sale,Chris,L,L,CHA,P
sancc001,Sanchez,Carlos,B,R,CHA,2B
sanch002,Sanchez,Hector,B,R,CHA,C
sandj002,Sands,Jerry,R,R,CHA,OF
shiej002,Shields,James,R,R,CHA,P
shucj001,Shuck,J.B.,L,L,CHA,OF
smitb006,Smith,Blake,L,R,CHA,P
smitk002,Smith,Kevan,R,R,CHA,C
tilsc001,Tilson,Charlie,L,L,CHA,OF
turnj002,Turner,Jacob,R,R,CHA,P
webbd001,Webb,Daniel,R,R,CHA,P
ynoam001,Ynoa,Michael,R,R,CHA,P
almoa002,Almora,Albert,R,R,CHN,OF
arrij001,Arrieta,Jake,R,R,CHN,P
baezj001,Baez,Javier,R,R,CHN,2B
bryak001,Bryant,Kris,R,R,CHN,3B
buchj001,Buchanan,Jake,R,R,CHN,P
cahit001,Cahill,Trevor,R,R,CHN,P
candj002,Candelario,Jeimer,B,R,CHN,3B
chapa001,Chapman,Aroldis,L,L,CHN,P
coghc001,Coghlan,Chris,L,R,CHN,OF
concg001,Concepcion,Gerardo,L,L,CHN,P
contw001,Contreras,Willson,R,R,CHN,C
edwac001,Edwards,Carl,R,R,CHN,P
fedet001,Federowicz,Tim,R,R,CHN,C
fowld001,Fowler,Dexter,B,R,CHN,OF
grimj002,Grimm,Justin,R,R,CHN,P 
hammj002,Hammel,Jason,R,R,CHN,P 
hendk001,Hendricks,Kyle,R,R,CHN,P 
heywj001,Heyward,Jason,L,L,CHN,OF
kalir001,Kalish,Ryan,L,L,CHN,OF
kawam001,Kawasaki,Munenori,L,R,CHN,SS
lackj001,Lackey,John,R,R,CHN,P
lastt001,La Stella,Tommy,L,R,CHN,2B
lestj001,Lester,Jon,L,L,CHN,P 
matub001,Matusz,Brian,L,L,CHN,P
montm001,Montero,Miguel,L,R,CHN,C
montm002,Montgomery,Mike,L,L,CHN,P
nathj001,Nathan,Joe,R,R,CHN,P
patts002,Patton,Spencer,R,R,CHN,P
penaf002,Pena,Felix,R,R,CHN,P
peraj002,Peralta,Joel,R,R,CHN,P
ramin001,Ramirez,Neil,R,R,CHN,P
richc002,Richard,Clayton,L,L,CHN,P
rizza001,Rizzo,Anthony,L,L,CHN,1B
rondh001,Rondon,Hector,R,R,CHN,P 
rossd001,Ross,David,R,R,CHN,C 
russa002,Russell,Addison,R,R,CHN,2B
schwk001,Schwarber,Kyle,L,R,CHN,OF
smitj002,Smith,Joe,R,R,CHN,P
solej001,Soler,Jorge,R,R,CHN,OF
strop001,Strop,Pedro,R,R,CHN,P
szczm001,Szczur,Matt,R,R,CHN,OF
warra001,Warren,Adam,R,R,CHN,P
woodt004,Wood,Travis,R,L,CHN,P
zastr001,Zastryzny,Rob,R,L,CHN,P
zobrb001,Zobrist,Ben,B,R,CHN,2B
adlet001,Adleman,Tim,R,R,CIN,P
bailh001,Bailey,Homer,R,R,CIN,P
barnt001,Barnhart,Tucker,B,R,CIN,C
brucj001,Bruce,Jay,L,L,CIN,OF
cabrr001,Cabrera,Ramon,B,R,CIN,C 
cingt001,Cingrani,Tony,L,L,CIN,P 
cothc001,Cotham,Caleb,R,R,CIN,P
cozaz001,Cozart,Zack,R,R,CIN,SS
dejei002,De Jesus,Ivan,R,R,CIN,2B
delas001,Delabar,Steve,R,R,CIN,P
deloa001,de los Santos,Abel,R,R,CIN,P
desca001,DeSclafani,Anthony,R,R,CIN,P
diazd001,Diaz,Dayan,R,R,CIN,P
diazj005,Diaz,Jumbo,R,R,CIN,P
duvaa001,Duvall,Adam,R,R,CIN,OF
finnb001,Finnegan,Brandon,L,L,CIN,P 
hamib001,Hamilton,Billy,B,R,CIN,OF
hayed001,Hayes,Drew,R,R,CIN,P
holtt001,Holt,Tyler,R,R,CIN,OF
hoovj002,Hoover,J.J.,R,R,CIN,P
igler001,Iglesias,Raisel,R,R,CIN,P
iribh001,Iribarren,Hernan,L,R,CIN,2B
kivlp001,Kivlehan,Patrick,R,R,CIN,3B
lambj002,Lamb,John,L,L,CIN,P
loper002,Lopez,Rafael,L,R,CIN,C
lorem002,Lorenzen,Michael,R,R,CIN,P
magim001,Magill,Matt,R,R,CIN,P
melvt001,Melville,Tim,R,R,CIN,P
mesod001,Mesoraco,Devin,R,R,CIN,C
morra002,Morris,A.J.,R,R,CIN,P
moscj001,Moscot,Jon,R,R,CIN,P
ohler001,Ohlendorf,Ross,R,R,CIN,P
pachj001,Pacheco,Jordan,R,R,CIN,C
peraw002,Peralta,Wandy,L,L,CIN,P
peraj003,Peraza,Jose,R,R,CIN,2B
philb001,Phillips,Brandon,R,R,CIN,2B
ramij002,Ramirez,J.C.,R,R,CIN,P
reedc002,Reed,Cody,L,L,CIN,P
rendt001,Renda,Tony,R,R,CIN,2B
sampk001,Sampson,Keyvius,R,R,CIN,P
sches001,Schebler,Scott,L,R,CIN,OF
selss001,Selsky,Steve,R,R,CIN,OF
simoa001,Simon,Alfredo,R,R,CIN,P
smitj004,Smith,Josh,R,R,CIN,P
somsl001,Somsen,Layne,R,R,CIN,P
stepr002,Stephenson,Robert,R,R,CIN,P
strad003,Straily,Dan,R,R,CIN,P
suare001,Suarez,Eugenio,R,R,CIN,SS
vottj001,Votto,Joey,L,R,CIN,1B
waldk002,Waldrop,Kyle,L,L,CIN,OF
woodb004,Wood,Blake,R,R,CIN,P 
wrigd003,Wright,Daniel,R,R,CIN,P
adama001,Adams,Austin,R,R,CLE,P
aguij001,Aguilar,Jesus,R,R,CLE,1B
allec002,Allen,Cody,R,R,CLE,P 
almoa001,Almonte,Abraham,B,R,CLE,OF
andec002,Anderson,Cody,R,R,CLE,P
armss001,Armstrong,Shawn,R,R,CLE,P 
bauet001,Bauer,Trevor,R,R,CLE,P 
branm003,Brantley,Michael,L,L,CLE,OF
byrdm001,Byrd,Marlon,R,R,CLE,OF
carrc003,Carrasco,Carlos,R,R,CLE,P
chamj002,Chamberlain,Joba,R,R,CLE,P
chisl001,Chisenhall,Lonnie,L,R,CLE,OF
clevm001,Clevinger,Mike,R,R,CLE,P
coloj002,Colon,Joseph,R,R,CLE,P
cowgc001,Cowgill,Collin,R,L,CLE,OF
crisc001,Crisp,Coco,B,R,CLE,OF
crock001,Crockett,Kyle,L,L,CLE,P
davir003,Davis,Rajai,R,R,CLE,OF
detwr001,Detwiler,Ross,R,L,CLE,P
garnp002,Garner,Perci,R,R,CLE,P
gimec001,Gimenez,Chris,R,R,CLE,C
gomey001,Gomes,Yan,R,R,CLE,C
gonze004,Gonzalez,Erik,R,R,CLE,SS
gorzt001,Gorzelanny,Tom,L,L,CLE,P
guyeb001,Guyer,Brandon,R,R,CLE,OF
houst002,House,TJ,R,L,CLE,P
huntt002,Hunter,Tommy,R,R,CLE,P
kipnj001,Kipnis,Jason,L,R,CLE,2B
klubc001,Kluber,Corey,R,R,CLE,P 
lindf001,Lindor,Francisco,B,R,CLE,SS
mansj001,Manship,Jeff,R,R,CLE,P 
martm003,Martinez,Michael,B,R,CLE,OF
mcalz001,McAllister,Zach,R,R,CLE,P
merrr001,Merritt,Ryan,L,L,CLE,P
milla002,Miller,Andrew,L,L,CLE,P
moora001,Moore,Adam,R,R,CLE,C
moris001,Morimando,Shawn,L,L,CLE,P
napom001,Napoli,Mike,R,R,CLE,1B
naqut001,Naquin,Tyler,L,R,CLE,OF
oterd001,Otero,Dan,R,R,CLE,P
perer003,Perez,Roberto,R,R,CLE,C 
pluta001,Plutko,Adam,R,R,CLE,P
ramij003,Ramirez,Jose,B,R,CLE,SS
salad001,Salazar,Danny,L,R,CLE,P 
santc002,Santana,Carlos,B,R,CLE,1B
shawb001,Shaw,Bryan,B,R,CLE,P 
tomlj001,Tomlin,Josh,R,R,CLE,P
uribj002,Uribe,Juan,R,R,CLE,3B
adamc001,Adames,Cristhian,B,R,COL,SS
andet002,Anderson,Tyler,L,L,COL,P
arenn001,Arenado,Nolan,R,R,COL,3B
barnb002,Barnes,Brandon,R,R,COL,OF
bergc001,Bergman,Christian,R,R,COL,P
bettc001,Bettis,Chad,R,R,COL,P
blacc001,Blackmon,Charlie,L,L,COL,OF
butle001,Butler,Eddie,R,R,COL,P 
caram001,Carasiti,Matt,R,R,COL,P
cards001,Cardullo,Stephen,R,R,COL,OF
castm002,Castro,Miguel,R,R,COL,P
chatt001,Chatwood,Tyler,R,R,COL,P
dahld001,Dahl,David,L,R,COL,OF
delaj001,de la Rosa,Jorge,L,L,COL,P
descd001,Descalso,Daniel,L,R,COL,SS
estec001,Estevez,Carlos,R,R,COL,P
flany001,Flande,Yohan,L,L,COL,P
garnd001,Garneau,Dustin,R,R,COL,C
germg001,Germen,Gonzalez,R,R,COL,P
gonzc001,Gonzalez,Carlos,L,L,COL,OF
grayj003,Gray,Jon,R,R,COL,P 
gurkj001,Gurka,Jason,L,L,COL,P
haled001,Hale,David,R,R,COL,P
hoffj003,Hoffman,Jeff,R,R,COL,P
hundn001,Hundley,Nick,R,R,COL,C
lemad001,LeMahieu,DJ,R,R,COL,2B
logab001,Logan,Boone,R,L,COL,P 
lylej001,Lyles,Jordan,R,R,COL,P 
marqg001,Marquez,German,R,R,COL,P
mcgej001,McGee,Jake,L,L,COL,P
millj006,Miller,Justin,R,R,COL,P 
mottj001,Motte,Jason,R,R,COL,P
murpt002,Murphy,Tom,R,R,COL,C
obers001,Oberg,Scott,R,R,COL,P 
ottaa001,Ottavino,Adam,L,R,COL,P
parrg001,Parra,Gerardo,L,L,COL,OF
pattj005,Patterson,Jordan,L,L,COL,OF
paulb001,Paulsen,Ben,L,R,COL,1B
qualc001,Qualls,Chad,R,R,COL,P 
rabur001,Raburn,Ryan,R,R,COL,2B
reynm001,Reynolds,Mark,R,R,COL,1B
rusic001,Rusin,Chris,L,L,COL,P
stort001,Story,Trevor,R,R,COL,SS
tapir001,Tapia,Raimel,L,L,COL,OF
valap001,Valaika,Pat,R,R,COL,SS
woltt001,Wolters,Tony,L,R,COL,C
ynoar001,Ynoa,Rafael,B,R,COL,OF
avilm001,Aviles,Mike,R,R,DET,OF
aybae001,Aybar,Erick,B,R,DET,SS
boydm001,Boyd,Matt,L,L,DET,P
cabrm001,Cabrera,Miguel,R,R,DET,1B
castn001,Castellanos,Nick,R,R,DET,3B
collt002,Collins,Tyler,L,L,DET,OF
farmb001,Farmer,Buck,L,R,DET,P 
fulmm001,Fulmer,Michael,R,R,DET,P
gosea001,Gose,Anthony,L,L,DET,OF
grees005,Greene,Shane,R,R,DET,P 
hardb001,Hardy,Blaine,L,L,DET,P 
hickj001,Hicks,John,R,R,DET,C
iglej001,Iglesias,Jose,R,R,DET,SS
jonej006,Jones,JaCoby,R,R,DET,3B
kensl001,Kensing,Logan,R,R,DET,P
kinsi001,Kinsler,Ian,R,R,DET,2B
lowem002,Lowe,Mark,L,R,DET,P 
machd001,Machado,Dixon,R,R,DET,SS
mantj002,Mantiply,Joe,R,L,DET,P
martj006,Martinez,J.D.,R,R,DET,OF
martv001,Martinez,Victor,B,R,DET,DH
maybc001,Maybin,Cameron,R,R,DET,OF
mccaj001,McCann,James,R,R,DET,C 
mcgec001,McGehee,Casey,R,R,DET,1B
molld001,Molleken,Dustin,L,R,DET,P
moyas001,Moya,Steven,L,R,DET,OF
norrd002,Norris,Daniel,L,L,DET,P
parnb001,Parnell,Bobby,R,R,DET,P
pelfm001,Pelfrey,Mike,R,R,DET,P
presa001,Presley,Alex,L,L,DET,OF
rodrf003,Rodriguez,Francisco,R,R,DET,P
romia001,Romine,Andrew,B,R,DET,3B
rondb001,Rondon,Bruce,R,R,DET,P 
ryank002,Ryan,Kyle,L,L,DET,P 
saltj001,Saltalamacchia,Jarrod,B,R,DET,C
sanca004,Sanchez,Anibal,R,R,DET,P
saupw001,Saupold,Warwick,R,R,DET,P
uptoj001,Upton,Justin,R,R,DET,OF
verhd001,VerHagen,Drew,R,R,DET,P
verlj001,Verlander,Justin,R,R,DET,P 
wilsa001,Wilson,Alex,R,R,DET,P 
wilsb002,Wilson,Bobby,R,R,DET,C
wilsj004,Wilson,Justin,L,L,DET,P
zimmj003,Zimmermann,Jordan,R,R,DET,P 
altuj001,Altuve,Jose,R,R,HOU,2B
brega001,Bregman,Alex,R,R,HOU,SS
castj006,Castro,Jason,L,R,HOU,C
chapk002,Chapman,Kevin,L,L,HOU,P 
corrc001,Correa,Carlos,R,R,HOU,SS
devec001,Devenski,Chris,R,R,HOU,P
duffm003,Duffy,Matt,R,R,HOU,1B
felds001,Feldman,Scott,L,R,HOU,P
felim001,Feliz,Michael,R,R,HOU,P
fielj002,Fields,Josh,R,R,HOU,P
fierm001,Fiers,Michael,R,R,HOU,P
fistd001,Fister,Doug,L,R,HOU,P
gatte001,Gattis,Evan,R,R,HOU,DH
gilek001,Giles,Ken,R,R,HOU,P 
gomec002,Gomez,Carlos,R,R,HOU,OF
gonzm002,Gonzalez,Marwin,B,R,HOU,1B
gregl001,Gregerson,Luke,L,R,HOU,P 
gurry001,Gurriel,Yulieski,R,R,HOU,3B
gustj001,Gustave,Jandel,R,R,HOU,P
harrw002,Harris,Will,R,R,HOU,P
hernt002,Hernandez,Teoscar,R,R,HOU,OF
hoytj001,Hoyt,James,R,R,HOU,P
keucd001,Keuchel,Dallas,L,L,HOU,P 
kempt001,Kemp,Tony,L,R,HOU,2B
krate001,Kratz,Erik,R,R,HOU,C
marij002,Marisnick,Jake,R,R,HOU,OF
mccul002,McCullers,Lance,L,R,HOU,P 
mchuc001,McHugh,Collin,R,R,HOU,P 
morac001,Moran,Colin,L,R,HOU,3B
musgj001,Musgrove,Joe,R,R,HOU,P
neshp001,Neshek,Pat,B,R,HOU,P
pauld002,Paulino,David,R,R,HOU,P
peacb001,Peacock,Brad,R,R,HOU,P
rasmc001,Rasmus,Colby,L,L,HOU,OF
reeda002,Reed,A.J.,L,L,HOU,1B
rodgb001,Rodgers,Brady,R,R,HOU,P
sippt001,Sipp,Tony,L,L,HOU,P
sprig001,Springer,George,R,R,HOU,OF
stasm001,Stassi,Max,R,R,HOU,C 
tuckp001,Tucker,Preston,L,L,HOU,OF
valbl001,Valbuena,Luis,L,R,HOU,3B
whitt002,White,Tyler,R,R,HOU,1B
wortd001,Worth,Danny,R,R,HOU,SS
alexs001,Alexander,Scott,L,L,KCA,P 
burnb002,Burns,Billy,B,R,KCA,OF
buted001,Butera,Drew,R,R,KCA,C
cainl001,Cain,Lorenzo,R,R,KCA,OF
coloc002,Colon,Christian,R,R,KCA,SS
cruzt002,Cruz,Tony,R,R,KCA,C 
cuthc001,Cuthbert,Cheslor,R,R,KCA,3B
daviw001,Davis,Wade,R,R,KCA,P 
dozih001,Dozier,Hunter,R,R,KCA,3B
duffd001,Duffy,Danny,L,L,KCA,P
dysoj001,Dyson,Jarrod,L,R,KCA,OF
eibnb001,Eibner,Brett,R,R,KCA,OF
escoa003,Escobar,Alcides,R,R,KCA,SS
flynb001,Flynn,Brian,L,L,KCA,P
fuenr001,Fuentes,Reymond,L,L,KCA,OF
gee-d001,Gee,Dillon,R,R,KCA,P
gorda001,Gordon,Alex,L,R,KCA,OF
goret001,Gore,Terrance,R,R,KCA,OF
herrk001,Herrera,Kelvin,R,R,KCA,P 
hochl001,Hochevar,Luke,R,R,KCA,P 
hosme001,Hosmer,Eric,L,L,KCA,1B
infao001,Infante,Omar,R,R,KCA,2B
kenni001,Kennedy,Ian,R,R,KCA,P 
mccak002,McCarthy,Kevin,R,R,KCA,P
medlk001,Medlen,Kris,B,R,KCA,P
merrw001,Merrifield,Whit,R,R,KCA,OF
milla003,Mills,Alec,R,R,KCA,P
mondr003,Mondesi,Raul,B,R,KCA,SS
morak001,Morales,Kendrys,B,R,KCA,DH
mousm001,Moustakas,Mike,L,R,KCA,3B
moylp001,Moylan,Peter,R,R,KCA,P
navad002,Nava,Daniel,B,L,KCA,OF
orlap001,Orlando,Paulo,R,R,KCA,OF
peres002,Perez,Salvador,R,R,KCA,C 
pounb001,Pounders,Brooks,R,R,KCA,P
sorij001,Soria,Joakim,R,R,KCA,P
stram001,Strahm,Matt,R,L,KCA,P
vargj001,Vargas,Jason,L,L,KCA,P
venty001,Ventura,Yordano,R,R,KCA,P
volqe001,Volquez,Edinson,R,R,KCA,P
wangc001,Wang,Chien-Ming,R,R,KCA,P
younc003,Young,Chris,R,R,KCA,P
andeb004,Anderson,Brett,L,L,LAN,P 
avill001,Avilan,Luis,L,L,LAN,P 
baezp001,Baez,Pedro,R,R,LAN,P 
barna001,Barnes,Austin,R,R,LAN,C 
blanj001,Blanton,Joe,R,R,LAN,P 
bolsm001,Bolsinger,Mike,R,R,LAN,P 
chavj001,Chavez,Jesse,R,R,LAN,P
colel001,Coleman,Louis,R,R,LAN,P
crawc002,Crawford,Carl,L,L,LAN,OF
culbc001,Culberson,Charlie,R,R,LAN,3B
daytg001,Dayton,Grant,L,L,LAN,P
delej003,De Leon,Jose,R,R,LAN,P
ellia001,Ellis,A.J.,R,R,LAN,C
ethia001,Ethier,Andre,L,L,LAN,OF
fienc001,Fien,Casey,R,R,LAN,P
fielj002,Fields,Josh,R,R,LAN,P
friac001,Frias,Carlos,R,R,LAN,P
garcy001,Garcia,Yimi,R,R,LAN,P 
gonza003,Gonzalez,Adrian,L,L,LAN,1B
grany001,Grandal,Yasmani,B,R,LAN,C 
hatcc002,Hatcher,Chris,B,R,LAN,P
herne001,Hernandez,Enrique,R,R,LAN,OF
hillr001,Hill,Rich,L,L,LAN,P
howej003,Howell,J.P.,L,L,LAN,P 
jansk001,Jansen,Kenley,B,R,LAN,P 
johnm006,Johnson,Micah,L,R,LAN,2B
kazms001,Kazmir,Scott,L,L,LAN,P 
kendh001,Kendrick,Howie,R,R,LAN,2B
kersc001,Kershaw,Clayton,L,L,LAN,P 
libea001,Liberatore,Adam,L,L,LAN,P
maedk001,Maeda,Kenta,R,R,LAN,P
mccab001,McCarthy,Brandon,R,R,LAN,P
norrb001,Norris,Bud,R,R,LAN,P
pedej001,Pederson,Joc,L,L,LAN,OF
puigy001,Puig,Yasiel,R,R,LAN,OF
ravij001,Ravin,Josh,R,R,LAN,P 
reddj001,Reddick,Josh,L,R,LAN,OF
ruizc001,Ruiz,Carlos,R,R,LAN,C
ryu-h001,Ryu,Hyun-Jin,R,L,LAN,P
seagc001,Seager,Corey,L,R,LAN,SS
seger001,Segedin,Rob,R,R,LAN,OF
stewb001,Stewart,Brock,L,R,LAN,P
strir001,Stripling,Ross,R,R,LAN,P
taylc001,Taylor,Chris,R,R,LAN,SS
tepen001,Tepesch,Nick,R,R,LAN,P
thomt002,Thompson,Trayce,R,R,LAN,OF
tolea001,Toles,Andrew,L,R,LAN,OF
tsaoc001,Tsao,Chin-hui,R,R,LAN,P
turnj001,Turner,Justin,R,R,LAN,3B
uriaj001,Urias,Julio,L,L,LAN,P
utlec001,Utley,Chase,L,R,LAN,2B
vanss001,Van Slyke,Scott,R,R,LAN,OF
venaw001,Venable,Will,L,L,LAN,OF
waltz001,Walters,Zach,B,R,LAN,OF
wooda002,Wood,Alex,R,L,LAN,P
andir001,Andino,Robert,R,R,MIA,SS
arcio001,Arcia,Oswaldo,L,R,MIA,OF
barrk002,Barraclough,Kyle,R,R,MIA,P
bourj002,Bour,Justin,L,R,MIA,1B
bresc001,Breslow,Craig,L,L,MIA,P
brica001,Brice,Austin,R,R,MIA,P
casha001,Cashner,Andrew,R,R,MIA,P
cervh001,Cervenka,Hunter,L,L,MIA,P
chenw001,Chen,Wei-Yin,L,L,MIA,P
clemp002,Clemens,Paul,R,R,MIA,P
conla001,Conley,Adam,L,L,MIA,P
cosaj001,Cosart,Jarred,R,R,MIA,P
despo001,Despaigne,Odrisamer,R,R,MIA,P
dietd001,Dietrich,Derek,L,R,MIA,OF
dunnm002,Dunn,Michael,L,L,MIA,P 
ege-c001,Ege,Cody,L,L,MIA,P
ellib001,Ellington,Brian,R,R,MIA,P
eschj001,Esch,Jake,R,R,MIA,P
fernj003,Fernandez,Jose,R,R,MIA,P
flork002,Flores,Kendry,R,R,MIA,P 
franj004,Francoeur,Jeff,R,R,MIA,OF
gillc002,Gillespie,Cole,R,R,MIA,OF
gordd002,Gordon,Dee,L,R,MIA,2B
hallc001,Hall,Cody,R,R,MIA,P
hecha001,Hechavarria,Adeiny,R,R,MIA,SS
hoodd001,Hood,Destin,R,R,MIA,OF
jacke001,Jackson,Edwin,R,R,MIA,P
johnc003,Johnson,Chris,R,R,MIA,3B
kelld001,Kelly,Don,L,R,MIA,1B
koeht001,Koehler,Tom,R,R,MIA,P
mathj001,Mathis,Jeff,R,R,MIA,C
mcgod001,McGowan,Dustin,R,R,MIA,P
morrb002,Morris,Bryan,L,R,MIA,P
narvc001,Narveson,Chris,L,L,MIA,P
nicoj001,Nicolino,Justin,L,L,MIA,P
ogann001,Ogando,Nefi,R,R,MIA,P 
ozunm001,Ozuna,Marcell,R,R,MIA,OF
perey002,Perez,Yefri,B,R,MIA,OF
pheld001,Phelps,David,R,R,MIA,P
pradm001,Prado,Martin,R,R,MIA,3B
ramoa001,Ramos,A.J.,R,R,MIA,P 
rea-c001,Rea,Colin,R,R,MIA,P
realj001,Realmuto,J.T.,R,R,MIA,C
reyej003,Reyes,Jo-Jo,L,L,MIA,P
rodnf001,Rodney,Fernando,R,R,MIA,P
rojam002,Rojas,Miguel,R,R,MIA,SS
scrux001,Scruggs,Xavier,R,R,MIA,1B
stanm004,Stanton,Giancarlo,R,R,MIA,OF
suzui001,Suzuki,Ichiro,L,R,MIA,OF
telit001,Telis,Tomas,B,R,MIA,C 
urenj001,Urena,Jose,R,R,MIA,P 
wittn001,Wittgren,Nick,R,R,MIA,P
yelic001,Yelich,Christian,L,R,MIA,OF
andec001,Anderson,Chase,R,R,MIL,P
arcio002,Arcia,Orlando,R,R,MIL,SS
barnj002,Barnes,Jacob,R,R,MIL,P
blazm001,Blazek,Michael,R,R,MIL,P
boyeb001,Boyer,Blaine,R,R,MIL,P
braur002,Braun,Ryan,R,R,MIL,OF
broxk001,Broxton,Keon,R,R,MIL,OF
capuc001,Capuano,Chris,L,L,MIL,P
cartc002,Carter,Chris,R,R,MIL,1B
cravt001,Cravy,Tyler,R,R,MIL,P
daviz001,Davies,Zach,R,R,MIL,P 
elmoj001,Elmore,Jake,R,R,MIL,1B
florr003,Flores,Ramon,L,L,MIL,OF
frees001,Freeman,Sam,R,L,MIL,P
garzm001,Garza,Matt,R,R,MIL,P
genns001,Gennett,Scooter,L,R,MIL,2B
gofod001,Goforth,David,R,R,MIL,P
guerj003,Guerra,Junior,R,R,MIL,P
hilla001,Hill,Aaron,R,R,MIL,2B
jeffj001,Jeffress,Jeremy,R,R,MIL,P
jungt001,Jungmann,Taylor,R,R,MIL,P 
kirkm001,Kirkman,Michael,L,L,MIL,P
knebc001,Knebel,Corey,R,R,MIL,P
lucrj001,Lucroy,Jonathan,R,R,MIL,C
magnd001,Magnifico,Damien,R,R,MIL,P
maldm001,Maldonado,Martin,R,R,MIL,C
marij001,Marinez,Jhan,R,R,MIL,P
middw001,Middlebrooks,Will,R,R,MIL,3B
nelsj004,Nelson,Jimmy,R,R,MIL,P
nieuk001,Nieuwenhuis,Kirk,L,R,MIL,OF
penaa003,Pena,Ariel,R,R,MIL,P
peraw001,Peralta,Wily,R,R,MIL,P 
pereh001,Perez,Hernan,R,R,MIL,3B
pinam001,Pina,Manny,R,R,MIL,C
pintj001,Pinto,Josmil,R,R,MIL,C
presa001,Presley,Alex,L,L,MIL,OF
ramin001,Ramirez,Neil,R,R,MIL,P
reedm001,Reed,Michael,R,R,MIL,OF
rivey001,Rivera,Yadiel,R,R,MIL,2B
roweb001,Rowen,Ben,R,R,MIL,P
santd002,Santana,Domingo,R,R,MIL,OF
scahr001,Scahill,Rob,L,R,MIL,P
smitw002,Smith,Will,R,L,MIL,P
susaa001,Susac,Andrew,R,R,MIL,C
suteb001,Suter,Brent,L,L,MIL,P
thort001,Thornburg,Tyler,R,R,MIL,P
torrc001,Torres,Carlos,R,R,MIL,P
villj001,Villar,Jonathan,B,R,MIL,SS
walsc001,Walsh,Colin,B,B,MIL,OF
wilka002,Wilkins,Andy,L,R,MIL,1B
abadf001,Abad,Fernando,L,L,MIN,P
albea001,Albers,Andrew,R,L,MIN,P
arcio001,Arcia,Oswaldo,L,R,MIN,OF
berej003,Beresford,James,L,R,MIN,3B
berrj001,Berrios,Jose,R,R,MIN,P
boshb001,Boshers,Buddy,L,L,MIN,P
buxtb001,Buxton,Byron,R,R,MIN,OF
centj001,Centeno,Juan,L,R,MIN,C
charj001,Chargois,J.T.,B,R,MIN,P
deanp001,Dean,Pat,L,L,MIN,P
dozib001,Dozier,Brian,R,R,MIN,2B
dufft001,Duffey,Tyler,R,R,MIN,P 
escoe001,Escobar,Eduardo,B,R,MIN,SS
fienc001,Fien,Casey,R,R,MIN,P
gibsk002,Gibson,Kyle,R,R,MIN,P
grahj002,Graham,J.R.,R,R,MIN,P 
grosr001,Grossman,Robbie,B,L,MIN,OF
mejia001,Mejia,Adalberto,R,L,MIN,P
hughp001,Hughes,Phil,R,R,MIN,P
jepsk001,Jepsen,Kevin,R,R,MIN,P
keplm001,Kepler,Max,L,L,MIN,OF
kintb001,Kintzler,Brandon,R,R,MIN,P
lighp001,Light,Pat,R,R,MIN,P
mastd002,Mastroianni,Darin,R,R,MIN,OF
mauej001,Mauer,Joe,L,R,MIN,1B
may-t001,May,Trevor,R,R,MIN,P 
meyea001,Meyer,Alex,R,R,MIN,P
milot001,Milone,Tom,L,L,MIN,P
murpj001,Murphy,John Ryan,R,R,MIN,C
nolar001,Nolasco,Ricky,R,R,MIN,P
nunee002,Nunez,Eduardo,R,R,MIN,SS
orour001,O'Rourke,Ryan,R,L,MIN,P
parkb002,Park,Byung Ho,R,R,MIN,1B
perkg001,Perkins,Glen,L,L,MIN,P
plout001,Plouffe,Trevor,R,R,MIN,3B
polaj001,Polanco,Jorge,B,R,MIN,SS
presr001,Pressly,Ryan,R,R,MIN,P 
ramin001,Ramirez,Neil,R,R,MIN,P
roget001,Rogers,Taylor,L,L,MIN,P
rosae001,Rosario,Eddie,L,R,MIN,OF
sanom001,Sano,Miguel,R,R,MIN,DH
santd001,Santana,Danny,B,R,MIN,SS
sante001,Santana,Ervin,R,R,MIN,P 
santh001,Santiago,Hector,R,L,MIN,P
schal001,Schafer,Logan,L,L,MIN,OF
suzuk001,Suzuki,Kurt,R,R,MIN,C
tonkm001,Tonkin,Michael,R,R,MIN,P 
vargk001,Vargas,Kennys,B,R,MIN,DH
wimma001,Wimmers,Alex,L,R,MIN,P
ackld001,Ackley,Dustin,L,R,NYA,2B
austt001,Austin,Tyler,R,R,NYA,OF
barbj001,Barbato,John,R,R,NYA,P
beltc001,Beltran,Carlos,B,R,NYA,OF
betad001,Betances,Dellin,R,R,NYA,P 
bleir001,Bleier,Richard,L,L,NYA,P
butlb003,Butler,Billy,R,R,NYA,DH
casts001,Castro,Starlin,R,R,NYA,SS
cessl001,Cessa,Luis,R,R,NYA,P
chapa001,Chapman,Aroldis,L,L,NYA,P
clipt001,Clippard,Tyler,R,R,NYA,P
cokep001,Coke,Phil,L,L,NYA,P
davii001,Davis,Ike,L,L,NYA,1B
ellsj001,Ellsbury,Jacoby,L,L,NYA,OF
eovan001,Eovaldi,Nathan,R,R,NYA,P 
gameb001,Gamel,Ben,L,L,NYA,OF
gardb001,Gardner,Brett,L,L,NYA,OF
goodn001,Goody,Nick,R,R,NYA,P 
greec003,Green,Chad,L,R,NYA,P
gregd001,Gregorius,Didi,L,R,NYA,SS
headc001,Headley,Chase,B,R,NYA,3B
hellb001,Heller,Ben,R,R,NYA,P
hicka001,Hicks,Aaron,B,R,NYA,OF
holdj002,Holder,Jonathan,R,R,NYA,P
judga001,Judge,Aaron,R,R,NYA,OF
laynt001,Layne,Tom,L,L,NYA,P
mccab002,McCann,Brian,L,R,NYA,C
milla002,Miller,Andrew,L,L,NYA,P
mitcb001,Mitchell,Bryan,L,R,NYA,P
mullc001,Mullee,Conor,R,R,NYA,P
novai001,Nova,Ivan,R,R,NYA,P
olsot002,Olson,Tyler,R,L,NYA,P
parkb001,Parker,Blake,R,R,NYA,P
parmc001,Parmelee,Chris,L,L,NYA,1B
pazoj001,Pazos,James,R,L,NYA,P
pindb001,Pinder,Branden,R,R,NYA,P 
pinem001,Pineda,Michael,R,R,NYA,P 
refsr001,Refsnyder,Rob,R,R,NYA,2B
rodra001,Rodriguez,Alex,R,R,NYA,DH
romia002,Romine,Austin,R,R,NYA,C
sabac001,Sabathia,CC,L,L,NYA,P
sancg002,Sanchez,Gary,R,R,NYA,C
sevel001,Severino,Luis,R,R,NYA,P 
shrec001,Shreve,Chasen,L,L,NYA,P 
solad001,Solano,Donovan,R,R,NYA,3B
swara001,Swarzak,Anthony,R,R,NYA,P
tanam001,Tanaka,Masahiro,R,R,NYA,P
teixm001,Teixeira,Mark,B,R,NYA,1B
torrr001,Torreyes,Ronald,R,R,NYA,2B
warra001,Warren,Adam,R,R,NYA,P
willm007,Williams,Mason,L,R,NYA,OF
yatek001,Yates,Kirby,L,R,NYA,P 
youne003,Young,Eric,B,R,NYA,OF
basta001,Bastardo,Antonio,R,L,NYN,P
blevj001,Blevins,Jerry,L,L,NYN,P
brucj001,Bruce,Jay,L,L,NYN,OF
cabra002,Cabrera,Asdrubal,B,R,NYN,SS
campe001,Campbell,Eric,R,R,NYN,3B
ceccg002,Cecchini,Gavin,R,R,NYN,SS
cespy001,Cespedes,Yoenis,R,R,NYN,OF
colob001,Colon,Bartolo,R,R,NYN,P 
confm001,Conforto,Michael,L,R,NYN,OF
darnt001,d'Arnaud,Travis,R,R,NYN,C 
deaza001,de Aza,Alejandro,L,L,NYN,OF
degrj001,deGrom,Jacob,L,R,NYN,P
dudal001,Duda,Lucas,L,R,NYN,1B
edgij001,Edgin,Josh,R,L,NYN,P 
famij001,Familia,Jeurys,R,R,NYN,P 
florw001,Flores,Wilmer,R,R,NYN,SS
gilms001,Gilmartin,Sean,L,L,NYN,P 
goede001,Goeddel,Erik,R,R,NYN,P 
granc001,Granderson,Curtis,L,R,NYN,OF
gselr001,Gsellman,Robert,R,R,NYN,P
harvm001,Harvey,Matt,R,R,NYN,P
hendj001,Henderson,Jim,L,R,NYN,P
johnk003,Johnson,Kelly,L,R,NYN,OF
kellt001,Kelly,Ty,B,R,NYN,2B
lagaj001,Lagares,Juan,R,R,NYN,OF
lonej001,Loney,James,L,L,NYN,1B
lugos001,Lugo,Seth,R,R,NYN,P
matzs001,Matz,Steven,R,L,NYN,P
montr004,Montero,Rafael,R,R,NYN,P
niesj001,Niese,Jonathon,L,L,NYN,P
nimmb001,Nimmo,Brandon,L,R,NYN,OF
plawk001,Plawecki,Kevin,R,R,NYN,C
reeda001,Reed,Addison,L,R,NYN,P 
reyej001,Reyes,Jose,B,R,NYN,SS
reynm003,Reynolds,Matt,R,R,NYN,SS
river003,Rivera,Rene,R,R,NYN,C
rivet001,Rivera,T.J.,R,R,NYN,3B
roblh001,Robles,Hansel,R,R,NYN,P
ruggj001,Ruggiano,Justin,R,R,NYN,OF
salaf001,Salas,Fernando,R,R,NYN,P
smokj001,Smoker,Josh,L,L,NYN,P
syndn001,Syndergaard,Noah,L,R,NYN,P
verrl001,Verrett,Logan,R,R,NYN,P
walkn001,Walker,Neil,B,R,NYN,2B
wrigd002,Wright,David,R,R,NYN,3B
ynoag001,Ynoa,Gabriel,R,R,NYN,P
alcaa001,Alcantara,Arismendy,B,R,OAK,2B
alcar001,Alcantara,Raul,R,R,OAK,P
alony001,Alonso,Yonder,L,R,OAK,1B
axfoj001,Axford,John,R,R,OAK,P
bassc001,Bassitt,Chris,R,R,OAK,P 
burnb002,Burns,Billy,B,R,OAK,OF
butlb003,Butler,Billy,R,R,OAK,DH
canhm001,Canha,Mark,R,R,OAK,1B
coghc001,Coghlan,Chris,L,R,OAK,OF
cottj001,Cotton,Jharel,R,R,OAK,P
could001,Coulombe,Daniel,L,L,OAK,P
crisc001,Crisp,Coco,B,R,OAK,OF
davik003,Davis,Khris,R,R,OAK,OF
detwr001,Detwiler,Ross,R,L,OAK,P
dools001,Doolittle,Sean,L,L,OAK,P
dullr001,Dull,Ryan,R,R,OAK,P
eibnb001,Eibner,Brett,R,R,OAK,OF
gravk001,Graveman,Kendall,R,R,OAK,P
grays001,Gray,Sonny,R,R,OAK,P 
hahnj001,Hahn,Jesse,R,R,OAK,P 
healr001,Healy,Ryon,R,R,OAK,3B
hendl001,Hendriks,Liam,R,R,OAK,P
hillr001,Hill,Rich,L,L,OAK,P
ladet001,Ladendorf,Tyler,R,R,OAK,OF
lamba001,Lambo,Andrew,L,L,OAK,OF
lowrj001,Lowrie,Jed,B,R,OAK,3B
madsr001,Madson,Ryan,L,R,OAK,P 
manas001,Manaea,Sean,L,L,OAK,P
maxwb001,Maxwell,Bruce,L,R,OAK,C
mcbrm002,McBride,Matt,R,R,OAK,OF
mengd001,Mengden,Daniel,R,R,OAK,P
muncm001,Muncy,Max,L,R,OAK,1B
nealz001,Neal,Zach,R,R,OAK,P
nuner001,Nunez,Renato,R,R,OAK,3B
olsom001,Olson,Matt,L,R,OAK,OF
overd001,Overton,Dillon,L,L,OAK,P
phegj001,Phegley,Josh,R,R,OAK,C
pindc001,Pinder,Chad,R,R,OAK,SS
reddj001,Reddick,Josh,L,R,OAK,OF
rodrf004,Rodriguez,Fernando,R,R,OAK,P 
rzepm001,Rzepczynski,Marc,L,L,OAK,P
schup001,Schuster,Patrick,R,L,OAK,P
semim001,Semien,Marcus,R,R,OAK,SS
smitc002,Smith,Chris,R,R,OAK,P
smolj002,Smolinski,Jake,R,R,OAK,OF
surke001,Surkamp,Eric,L,L,OAK,P
triga001,Triggs,Andrew,R,R,OAK,P
valed001,Valencia,Danny,R,R,OAK,3B
vogts001,Vogt,Stephen,L,R,OAK,C
wendj001,Wendelken,J.B.,R,R,OAK,P
wendj002,Wendle,Joey,L,R,OAK,2B
alfaj002,Alfaro,Jorge,R,R,PHI,C
altha001,Altherr,Aaron,R,R,PHI,OF
araue001,Araujo,Elvis,L,L,PHI,P 
ashea001,Asher,Alec,R,R,PHI,P
aschc001,Asche,Cody,L,R,PHI,OF
baila001,Bailey,Andrew,R,R,PHI,P
blana001,Blanco,Andres,B,R,PHI,3B
bourp001,Bourjos,Peter,R,R,PHI,OF
burre001,Burriss,Emmanuel,B,R,PHI,SS
eickj001,Eickhoff,Jerad,R,R,PHI,P
efliz001,Eflin,Zach,R,R,PHI,P
ellia001,Ellis,A.J.,R,R,PHI,C
featt001,Featherston,Taylor,R,R,PHI,3B
franm004,Franco,Maikel,R,R,PHI,3B
galvf001,Galvis,Freddy,B,R,PHI,SS
garcl005,Garcia,Luis,R,R,PHI,P 
goedt001,Goeddel,Tyler,R,R,PHI,OF
gomej002,Gomez,Jeanmar,R,R,PHI,P
gonzs001,Gonzalez,Severino,R,R,PHI,P 
hellj001,Hellickson,Jeremy,R,R,PHI,P
hernc005,Hernandez,Cesar,B,R,PHI,2B
hernd002,Hernandez,David,R,R,PHI,P
herro001,Herrera,Odubel,L,R,PHI,OF
herrf001,Herrmann,Frank,L,R,PHI,P
hinod001,Hinojosa,Dalier,R,R,PHI,P
howar001,Howard,Ryan,L,L,PHI,1B
huntc001,Hunter,Cedric,L,L,PHI,OF
joset001,Joseph,Tommy,R,R,PHI,1B
kleip001,Klein,Phil,R,R,PHI,P
lougd001,Lough,David,L,L,PHI,OF
marim001,Mariot,Michael,R,R,PHI,P
morga001,Morgan,Adam,L,L,PHI,P 
mortc002,Morton,Charlie,R,R,PHI,P 
murrc002,Murray,Colton,R,R,PHI,P 
nerih001,Neris,Hector,R,R,PHI,P 
nolaa001,Nola,Aaron,R,R,PHI,P 
oberb001,Oberholtzer,Brett,L,L,PHI,P
parej002,Paredes,Jimmy,B,R,PHI,3B
quinr003,Quinn,Roman,B,R,PHI,OF
ramoe002,Ramos,Edubray,R,R,PHI,P
rodrj004,Rodriguez,Joely,L,L,PHI,P
ruf-d001,Ruf,Darin,R,R,PHI,1B
ruizc001,Ruiz,Carlos,R,R,PHI,C
ruppc001,Rupp,Cameron,R,R,PHI,C
russj003,Russell,James,L,L,PHI,P
schup001,Schuster,Patrick,R,L,PHI,P
stumd001,Stumpf,Daniel,L,L,PHI,P
thomj007,Thompson,Jake,R,R,PHI,P
velav001,Velasquez,Vincent,R,R,PHI,P
basta001,Bastardo,Antonio,R,L,PIT,P
bellj005,Bell,Josh,B,R,PIT,1B
boscw001,Boscan,Wilfredo,R,R,PIT,P
braus002,Brault,Steven,L,L,PIT,P
camia001,Caminero,Arquimedes,R,R,PIT,P
cervf001,Cervelli,Francisco,R,R,PIT,C
cokep001,Coke,Phil,L,L,PIT,P
coleg001,Cole,Gerrit,R,R,PIT,P
diaze005,Diaz,Elias,R,R,PIT,C
felin001,Feliz,Neftali,R,R,PIT,P
figuc001,Figueroa,Cole,L,R,PIT,2B
florp001,Florimon,Pedro,B,R,PIT,SS
fraza001,Frazier,Adam,L,R,PIT,OF
freed001,Freese,David,R,R,PIT,3B
fryee001,Fryer,Eric,R,R,PIT,C
glast001,Glasnow,Tyler,L,R,PIT,P
hansa001,Hanson,Alen,B,R,PIT,SS
harrj002,Harrison,Josh,R,R,PIT,3B
hughj001,Hughes,Jared,R,R,PIT,P
hutcd001,Hutchison,Drew,L,R,PIT,P
jasoj001,Jaso,John,L,R,PIT,1B
joycm001,Joyce,Matthew,L,R,PIT,OF
kangj001,Kang,Jung Ho,R,R,PIT,3B
krate001,Kratz,Erik,R,R,PIT,C
kuhlc001,Kuhl,Chad,R,R,PIT,P
leblw001,LeBlanc,Wade,L,L,PIT,P
lirif001,Liriano,Francisco,L,L,PIT,P
lobsk001,Lobstein,Kyle,L,L,PIT,P
lockj001,Locke,Jeff,L,L,PIT,P 
luebc001,Luebke,Cory,R,L,PIT,P
martk002,Marte,Kelvin,R,L,PIT,P
marts002,Marte,Starling,R,R,PIT,OF
mccua001,McCutchen,Andrew,R,R,PIT,OF
melam001,Melancon,Mark,R,R,PIT,P 
mercj002,Mercer,Jordy,R,R,PIT,SS
morom001,Moroff,Max,B,R,PIT,2B
morsm001,Morse,Michael,R,R,PIT,1B
nicaj001,Nicasio,Juan,R,R,PIT,P
niesj001,Niese,Jon,L,L,PIT,P
novai001,Nova,Ivan,R,R,PIT,P
partc001,Partch,Curtis,R,R,PIT,P
philz001,Phillips,Zach,L,L,PIT,P
polag001,Polanco,Gregory,L,L,PIT,OF
rivef001,Rivero,Felipe,L,L,PIT,P
rodrs002,Rodriguez,Sean,R,R,PIT,1B
rogej002,Rogers,Jason,R,R,PIT,1B
rondj001,Rondon,Jorge,R,R,PIT,P
scahr001,Scahill,Rob,L,R,PIT,P
schua001,Schugel,A.J.,R,R,PIT,P
stalj001,Stallings,Jacob,R,R,PIT,C
stewc001,Stewart,Chris,R,R,PIT,C
tailj001,Taillon,Jameson,R,R,PIT,P
voger001,Vogelsong,Ryan,R,R,PIT,P
watst001,Watson,Tony,L,L,PIT,P 
willt002,Williams,Trevor,R,R,PIT,P
amara001,Amarista,Alexi,L,R,SDN,SS
arcio001,Arcia,Oswaldo,L,R,SDN,OF
asuac001,Asuaje,Carlos,L,R,SDN,2B
baumb001,Baumann,Buddy,L,L,SDN,P
bethc001,Bethancourt,Christian,R,R,SDN,C
blasj001,Blash,Jabari,R,R,SDN,OF
buchr001,Buchter,Ryan,L,L,SDN,P
campl001,Campos,Leonel,R,R,SDN,P
casha001,Cashner,Andrew,R,R,SDN,P
clemp002,Clemens,Paul,R,R,SDN,P
cosaj001,Cosart,Jarred,R,R,SDN,P
dicka001,Dickerson,Alex,L,L,SDN,OF
domij002,Dominguez,Jose,R,R,SDN,P
erlir001,Erlin,Robbie,R,L,SDN,P
friec001,Friedrich,Christian,R,L,SDN,P
guert001,Guerrero,Tayron,R,R,SDN,P
handb001,Hand,Brad,L,L,SDN,P
hedga001,Hedges,Austin,R,R,SDN,C
hessk001,Hessler,Keith,L,L,SDN,P
jacke001,Jackson,Edwin,R,R,SDN,P
jankt001,Jankowski,Travis,L,R,SDN,OF
jay-j001,Jay,Jon,L,L,SDN,OF
johne003,Johnson,Erik,R,R,SDN,P
kempm001,Kemp,Matt,R,R,SDN,OF
kirkm001,Kirkman,Michael,L,L,SDN,P
kivlp001,Kivlehan,Patrick,R,R,SDN,3B
margm001,Margot,Manuel,R,R,SDN,OF
maurb001,Maurer,Brandon,R,R,SDN,P
morrb001,Morrow,Brandon,R,R,SDN,P
myerw001,Myers,Wil,R,R,SDN,OF
noonn001,Noonan,Nick,L,R,SDN,SS
norrd001,Norris,Derek,R,R,SDN,C
perdl002,Perdomo,Luis,R,R,SDN,P
pirej001,Pirela,Jose,R,R,SDN,2B
pomed001,Pomeranz,Drew,R,L,SDN,P
quack001,Quackenbush,Kevin,R,R,SDN,P
ramia003,Ramirez,Alexei,R,R,SDN,SS
rea-c001,Rea,Colin,R,R,SDN,P
renfh001,Renfroe,Hunter,R,R,SDN,OF
richc002,Richard,Clayton,L,L,SDN,P
rodnf001,Rodney,Fernando,R,R,SDN,P
rondj002,Rondon,Jose,R,R,SDN,SS
rosaa001,Rosales,Adam,R,R,SDN,1B
rosst001,Ross,Tyson,R,R,SDN,P
sanch002,Sanchez,Hector,B,R,SDN,C
sardl001,Sardinas,Luis,B,R,SDN,2B
schir001,Schimpf,Ryan,L,R,SDN,3B
shiej002,Shields,James,R,R,SDN,P
smitj005,Smith,Jake,R,R,SDN,P
solay001,Solarte,Yangervis,B,R,SDN,3B
spanc001,Spangenberg,Cory,L,R,SDN,2B
thorm001,Thornton,Matt,L,L,SDN,P
torrj001,Torres,Jose,L,L,SDN,P
uptob001,Upton,Melvin,R,R,SDN,OF
vargc002,Vargas,Cesar,R,R,SDN,P
villc001,Villanueva,Carlos,R,R,SDN,P
wallb001,Wallace,Brett,L,R,SDN,1B
weekj001,Weeks,Jemile,B,R,SDN,2B
altad001,Altavilla,Dan,R,R,SEA,P
aokin001,Aoki,Nori,L,R,SEA,OF
aro-j001,Aro,Jonathan,R,R,SEA,P
benoj001,Benoit,Joaquin,R,R,SEA,P
camia001,Caminero,Arquimedes,R,R,SEA,P
canor001,Cano,Robinson,L,R,SEA,2B
cishs001,Cishek,Steve,R,R,SEA,P
clevs001,Clevenger,Steve,L,R,SEA,C
cruzn002,Cruz,Nelson,R,R,SEA,OF
diaze006,Diaz,Edwin,R,R,SEA,P
freem002,Freeman,Mike,L,R,SEA,1B
gameb001,Gamel,Ben,L,L,SEA,OF
guaim001,Guaipe,Mayckol,R,R,SEA,P
gutif001,Gutierrez,Franklin,R,R,SEA,OF
hereg002,Heredia,Guillermo,R,L,SEA,OF
hernf002,Hernandez,Felix,R,R,SEA,P
iannc001,Iannetta,Chris,R,R,SEA,C
iwakh001,Iwakuma,Hisashi,R,R,SEA,P
johns001,Johnson,Steve,R,R,SEA,P
karnn001,Karns,Nathan,R,R,SEA,P
leblw001,LeBlanc,Wade,L,L,SEA,P
lee-d004,Lee,Dae-Ho,R,R,SEA,1B
linda001,Lind,Adam,L,L,SEA,1B
martk001,Marte,Ketel,B,R,SEA,SS
martc008,Martin,Cody,R,R,SEA,P
martl004,Martin,Leonys,L,R,SEA,OF
milew001,Miley,Wade,L,L,SEA,P
miraa002,Miranda,Ariel,L,L,SEA,P
montm002,Montgomery,Mike,L,L,SEA,P
nunov001,Nuno,Vidal,L,L,SEA,P
omals001,O'Malley,Shawn,B,R,SEA,OF
parkb001,Parker,Blake,R,R,SEA,P
paxtj001,Paxton,James,L,L,SEA,P
peraj002,Peralta,Joel,R,R,SEA,P
roacd001,Roach,Donn,R,R,SEA,P
robed003,Robertson,Daniel,R,R,SEA,OF
rolld002,Rollins,David,L,L,SEA,P
romes001,Romero,Stefen,R,R,SEA,OF
sampa001,Sampson,Adrian,R,R,SEA,P
sardl001,Sardinas,Luis,B,R,SEA,2B
scrie001,Scribner,Evan,R,R,SEA,P
seagk001,Seager,Kyle,L,R,SEA,3B
smits002,Smith,Seth,L,L,SEA,OF
stord001,Storen,Drew,B,R,SEA,P
sucrj001,Sucre,Jesus,R,R,SEA,C
taylc001,Taylor,Chris,R,R,SEA,SS
vendp001,Venditte,Pat,B,L,SEA,P
vincn001,Vincent,Nick,R,R,SEA,P
voged001,Vogelbach,Daniel,L,R,SEA,1B
walkt004,Walker,Taijuan,R,R,SEA,P
wielj001,Wieland,Joe,R,R,SEA,P
wilht001,Wilhelmsen,Tom,R,R,SEA,P
zunim001,Zunino,Mike,R,R,SEA,C
zycht001,Zych,Tony,R,R,SEA,P
adrie001,Adrianza,Ehire,B,R,SFN,2B
beckg001,Beckham,Gordon,R,R,SFN,3B
beltb001,Belt,Brandon,L,L,SFN,1B
blact002,Blach,Ty,R,L,SFN,P
blang001,Blanco,Gregor,L,L,SFN,OF
broam001,Broadway,Mike,R,R,SFN,P
browt002,Brown,Trevor,R,R,SFN,C 
bumgm001,Bumgarner,Madison,R,L,SFN,P 
cainm001,Cain,Matt,R,R,SFN,P 
crawb001,Crawford,Brandon,L,R,SFN,SS
cuetj001,Cueto,Johnny,R,R,SFN,P 
duffm002,Duffy,Matt,R,R,SFN,3B
garcj002,Casilla,Santiago,R,R,SFN,P
gearc001,Gearrin,Cory,R,R,SFN,P 
gillc001,Gillaspie,Conor,L,R,SFN,1B
greeg002,Green,Grant,R,R,SFN,2B
herng001,Hernandez,Gorkys,R,R,SFN,OF
hestc001,Heston,Chris,R,R,SFN,P
kontg001,Kontos,George,R,R,SFN,P
law-d001,Law,Derek,R,R,SFN,P
lopej002,Lopez,Javier,L,L,SFN,P
mazzv001,Mazzaro,Vin,R,R,SFN,P
moorm003,Moore,Matt,L,L,SFN,P
nathj001,Nathan,Joe,R,R,SFN,P
nunee002,Nunez,Eduardo,R,R,SFN,SS
okers001,Okert,Steven,L,L,SFN,P
osicj001,Osich,Josh,L,L,SFN,P
pagaa001,Pagan,Angel,B,R,SFN,OF
panij002,Panik,Joe,L,R,SFN,2B
parkj002,Parker,Jarrett,L,L,SFN,OF
peavj001,Peavy,Jake,R,R,SFN,P 
penar002,Pena,Ramiro,B,R,SFN,2B
pench001,Pence,Hunter,R,R,SFN,OF
poseb001,Posey,Buster,R,R,SFN,C 
reynm002,Reynolds,Matt,L,L,SFN,P
romos001,Romo,Sergio,R,R,SFN,P
samaj001,Samardzija,Jeff,R,R,SFN,P 
smitw002,Smith,Will,R,L,SFN,P
spand001,Span,Denard,L,L,SFN,OF
strac001,Stratton,Chris,R,R,SFN,P
strih001,Strickland,Hunter,R,R,SFN,P
suara001,Suarez,Albert,R,R,SFN,P
tejar001,Tejada,Ruben,R,R,SFN,SS
tomlk001,Tomlinson,Kelby,R,R,SFN,2B
willm008,Williamson,Mac,R,R,SFN,OF
adamm002,Adams,Matt,L,R,SLN,1B
bowmm001,Bowman,Matt,R,R,SLN,P
broxj001,Broxton,Jonathan,R,R,SLN,P
carpm002,Carpenter,Matt,L,R,SLN,3B
diaza003,Diaz,Aledmys,R,R,SLN,SS
dukez001,Duke,Zach,L,L,SLN,P
fryee001,Fryer,Eric,R,R,SLN,C
garcg002,Garcia,Greg,L,R,SLN,SS
garcj004,Garcia,Jaime,L,L,SLN,P 
gricr001,Grichuk,Randal,R,R,SLN,OF
gyorj001,Gyorko,Jedd,R,R,SLN,2B
hazej001,Hazelbaker,Jeremy,L,R,SLN,OF
hollm001,Holliday,Matt,R,R,SLN,OF
kellc002,Kelly,Carson,R,R,SLN,C
kiekd001,Kiekhefer,Dean,L,L,SLN,P
leakm001,Leake,Mike,R,R,SLN,P
lyont001,Lyons,Tyler,B,L,SLN,P
manes001,Maness,Seth,R,R,SLN,P
martc006,Martinez,Carlos,R,R,SLN,P
martj008,Martinez,Jose,R,R,SLN,OF
mayem001,Mayers,Mike,R,R,SLN,P
mckem001,McKenry,Michael,R,R,SLN,C
moliy001,Molina,Yadier,R,R,SLN,C
mossb001,Moss,Brandon,L,R,SLN,1B
oh--s001,Oh,Seung Hwan,R,R,SLN,P
penab002,Pena,Brayan,B,R,SLN,C
peraj001,Peralta,Jhonny,R,R,SLN,SS
phamt001,Pham,Tommy,R,R,SLN,OF
piscs001,Piscotty,Stephen,R,R,SLN,OF
reyea004,Reyes,Alex,R,R,SLN,P
rosaa002,Rosario,Alberto,R,R,SLN,C
roset001,Rosenthal,Trevor,R,R,SLN,P
siegk001,Siegrist,Kevin,L,L,SLN,P
socom001,Socolovich,Miguel,R,R,SLN,P 
tejar001,Tejada,Ruben,R,R,SLN,SS
tuivs001,Tuivailala,Sam,R,R,SLN,P
wachm001,Wacha,Michael,R,R,SLN,P 
waina001,Wainwright,Adam,R,R,SLN,P 
weavl001,Weaver,Luke,R,R,SLN,P
willj003,Williams,Jerome,R,R,SLN,P
wongk001,Wong,Kolten,L,R,SLN,2B
andrm001,Andriese,Matt,R,R,TBA,P 
archc001,Archer,Chris,R,R,TBA,P 
arcio001,Arcia,Oswaldo,L,R,TBA,OF
beckt001,Beckham,Tim,R,R,TBA,2B
boxbb001,Boxberger,Brad,R,R,TBA,P
casac001,Casali,Curt,R,R,TBA,C
cedex001,Cedeno,Xavier,L,L,TBA,P
cobba001,Cobb,Alex,R,R,TBA,P 
coloa001,Colome,Alex,R,R,TBA,P 
congh001,Conger,Hank,B,R,TBA,C 
deckj001,Decker,Jaff,L,L,TBA,OF
dickc002,Dickerson,Corey,L,R,TBA,OF
duffm002,Duffy,Matt,R,R,TBA,3B
eveld001,Eveland,Dana,L,L,TBA,P
farqd001,Farquhar,Danny,R,R,TBA,P
flord002,Floro,Dylan,L,R,TBA,P
forsl001,Forsythe,Logan,R,R,TBA,2B
frann001,Franklin,Nick,B,R,TBA,2B
gambe001,Gamboa,Eddie,R,R,TBA,P
gartr001,Garton,Ryan,R,R,TBA,P
gelts001,Geltz,Steve,R,R,TBA,P
guyeb001,Guyer,Brandon,R,R,TBA,OF
jennd002,Jennings,Desmond,R,R,TBA,OF
jepsk001,Jepsen,Kevin,R,R,TBA,P
kierk001,Kiermaier,Kevin,L,R,TBA,OF
longe001,Longoria,Evan,R,R,TBA,3B
mahtm001,Mahtook,Mikie,R,R,TBA,OF
maill001,Maile,Luke,R,R,TBA,C
marij001,Marinez,Jhan,R,R,TBA,P
markj001,Marks,Justin,L,L,TBA,P
millb002,Miller,Brad,L,R,TBA,SS
moorm003,Moore,Matt,L,L,TBA,P
morrl001,Morrison,Logan,L,L,TBA,1B
mottt001,Motter,Taylor,R,R,TBA,OF
odorj001,Odorizzi,Jake,R,R,TBA,P
pears001,Pearce,Steve,R,R,TBA,OF
querj001,Querecuto,Juniel,B,R,TBA,3B
ramia003,Ramirez,Alexei,R,R,TBA,SS
ramie004,Ramirez,Erasmo,R,R,TBA,P
romee002,Romero,Enny,L,L,TBA,P
shafr001,Shaffer,Richie,R,R,TBA,1B
smyld001,Smyly,Drew,L,L,TBA,P 
snelb001,Snell,Blake,L,L,TBA,P
souzs001,Souza,Steven,R,R,TBA,OF
sturt002,Sturdevant,Tyler,R,R,TBA,P
webbr001,Webb,Ryan,R,R,TBA,P
whitc001,Whitley,Chase,R,R,TBA,P
wilsb002,Wilson,Bobby,R,R,TBA,C
albeh001,Alberto,Hanser,R,R,TEX,2B
alvad001,Alvarez,Dario,L,L,TEX,P
andre001,Andrus,Elvis,R,R,TEX,SS
barnt002,Barnette,Tony,R,R,TEX,P
beltc001,Beltran,Carlos,B,R,TEX,OF
belta001,Beltre,Adrian,R,R,TEX,3B
bushm001,Bush,Matt,R,R,TEX,P
chirr001,Chirinos,Robinson,R,R,TEX,C
choos001,Choo,Shin-Soo,L,L,TEX,OF
claua001,Claudio,Alex,L,L,TEX,P 
darvy001,Darvish,Yu,R,R,TEX,P
deshd002,DeShields,Delino,R,R,TEX,OF
desmi001,Desmond,Ian,R,R,TEX,OF
diekj001,Diekman,Jake,L,L,TEX,P
dysos001,Dyson,Sam,R,R,TEX,P
faula001,Faulkner,Andrew,R,L,TEX,P 
fielp001,Fielder,Prince,L,R,TEX,DH
gallj002,Gallo,Joey,L,R,TEX,OF
gomec002,Gomez,Carlos,R,R,TEX,OF
gonzc002,Gonzalez,Chi Chi,R,R,TEX,P
grifa002,Griffin,A.J.,R,R,TEX,P
hamec001,Hamels,Cole,L,L,TEX,P
harrl002,Harrell,Lucas,B,R,TEX,P
holab001,Holaday,Bryan,R,R,TEX,C
holld003,Holland,Derek,B,L,TEX,P
hoyij001,Hoying,Jared,L,R,TEX,OF
jackl001,Jackson,Luke,R,R,TEX,P
jeffj001,Jeffress,Jeremy,R,R,TEX,P
kelak001,Kela,Keone,R,R,TEX,P 
kleip001,Klein,Phil,R,R,TEX,P
leclj001,Leclerc,Jose,R,R,TEX,P
lewic001,Lewis,Colby,R,R,TEX,P
lohsk001,Lohse,Kyle,R,R,TEX,P
lucrj001,Lucroy,Jonathan,R,R,TEX,C
martn002,Martinez,Nick,L,R,TEX,P
mazan001,Mazara,Nomar,L,L,TEX,OF
mendy001,Mendez,Yohander,L,L,TEX,P
morem001,Moreland,Mitch,L,L,TEX,1B
nichb001,Nicholas,Brett,L,R,TEX,C
odorr001,Odor,Rougned,L,R,TEX,2B
perem004,Perez,Martin,L,L,TEX,P 
profj001,Profar,Jurickson,B,R,TEX,2B
ramoc001,Ramos,Cesar,L,L,TEX,P
ranaa001,Ranaudo,Anthony,R,R,TEX,P
rothm001,Roth,Michael,L,L,TEX,P
rua-r001,Rua,Ryan,R,R,TEX,OF
ruggj001,Ruggiano,Justin,R,R,TEX,OF
schet001,Scheppers,Tanner,R,R,TEX,P
stubd001,Stubbs,Drew,R,R,TEX,OF
tolls002,Tolleson,Shawn,R,R,TEX,P
wilht001,Wilhelmsen,Tom,R,R,TEX,P
wilsb002,Wilson,Bobby,R,R,TEX,C
antod001,Antolin,Dustin,R,R,TOR,P
barnd001,Barney,Darwin,R,R,TOR,2B
barnd002,Barnes,Danny,L,R,TOR,P
biagj001,Biagini,Joe,R,R,TOR,P
bautj002,Bautista,Jose,R,R,TOR,OF
benoj001,Benoit,Joaquin,R,R,TOR,P
burna003,Burns,Andy,R,R,TOR,3B
carre001,Carrera,Ezequiel,L,L,TOR,OF
cecib001,Cecil,Brett,R,L,TOR,P 
cecid001,Ceciliani,Darrell,L,L,TOR,OF
chavj001,Chavez,Jesse,R,R,TOR,P
colac001,Colabello,Chris,R,R,TOR,OF
dermm001,Dermody,Matt,R,L,TOR,P
diams001,Diamond,Scott,L,L,TOR,P
dickr001,Dickey,R.A.,R,R,TOR,P
domim001,Dominguez,Matt,R,R,TOR,3B
donaj001,Donaldson,Josh,R,R,TOR,3B
encae001,Encarnacion,Edwin,R,R,TOR,DH
estrm001,Estrada,Marco,R,R,TOR,P 
felds001,Feldman,Scott,L,R,TOR,P
floyg001,Floyd,Gavin,R,R,TOR,P
giroc001,Girodo,Chad,L,L,TOR,P
goinr001,Goins,Ryan,L,R,TOR,2B
grilj001,Grilli,Jason,R,R,TOR,P
happj001,Happ,J.A.,L,L,TOR,P
hutcd001,Hutchison,Drew,L,R,TOR,P
lakej001,Lake,Junior,R,R,TOR,OF
leona001,Leon,Arnold,R,R,TOR,P 
lirif001,Liriano,Francisco,L,L,TOR,P
loupa001,Loup,Aaron,L,L,TOR,P
martr004,Martin,Russell,R,R,TOR,C 
moraf001,Morales,Franklin,L,L,TOR,P
navad001,Navarro,Dioner,B,R,TOR,C
osunr001,Osuna,Roberto,R,R,TOR,P
parej002,Paredes,Jimmy,B,R,TOR,3B
pillk001,Pillar,Kevin,R,R,TOR,OF
pompd001,Pompey,Dalton,B,R,TOR,OF
sanca006,Sanchez,Aaron,R,R,TOR,P 
saunm001,Saunders,Michael,L,R,TOR,OF
schub001,Schultz,Bo,R,R,TOR,P 
smoaj001,Smoak,Justin,B,L,TOR,1B
stord001,Storen,Drew,B,R,TOR,P
strom001,Stroman,Marcus,R,R,TOR,P
teper001,Tepera,Ryan,R,R,TOR,P 
tholj001,Thole,Josh,L,R,TOR,C 
travd001,Travis,Devon,R,R,TOR,2B
tulot001,Tulowitzki,Troy,R,R,TOR,SS
uptob001,Upton,Melvin,R,R,TOR,OF
vendp001,Venditte,Pat,B,L,TOR,P
belim001,Belisle,Matt,R,R,WAS,P
burns001,Burnett,Sean,L,L,WAS,P
colea002,Cole,A.J.,R,R,WAS,P
dendm001,den Dekker,Matt,L,L,WAS,OF
difow001,Difo,Wilmer,B,R,WAS,2B
drews001,Drew,Stephen,L,R,WAS,2B
espid001,Espinosa,Danny,B,R,WAS,2B
gioll001,Giolito,Lucas,R,R,WAS,P
glovk001,Glover,Koda,R,R,WAS,P
gonzg003,Gonzalez,Gio,R,L,WAS,P
goodb001,Goodwin,Brian,L,R,WAS,OF
gottt001,Gott,Trevor,R,R,WAS,P
gracm003,Grace,Matt,L,L,WAS,P
harpb003,Harper,Bryce,L,R,WAS,OF
heisc001,Heisey,Chris,R,R,WAS,OF
kells001,Kelley,Shawn,R,R,WAS,P
kiebs001,Kieboom,Spencer,R,R,WAS,C
latom001,Latos,Mat,R,R,WAS,P
lobaj001,Lobaton,Jose,B,R,WAS,C
loper003,Lopez,Reynaldo,R,R,WAS,P
martr005,Martin,Rafael,R,R,WAS,P
melam001,Melancon,Mark,R,R,WAS,P
murpd006,Murphy,Daniel,L,R,WAS,2B
papej001,Papelbon,Jonathan,R,R,WAS,P 
pereo002,Perez,Oliver,L,L,WAS,P 
petiy001,Petit,Yusmeiro,R,R,WAS,P
ramow001,Ramos,Wilson,R,R,WAS,C
renda001,Rendon,Anthony,R,R,WAS,2B
reveb001,Revere,Ben,L,R,WAS,OF
rivef001,Rivero,Felipe,L,L,WAS,P 
roart001,Roark,Tanner,R,R,WAS,P 
robic001,Robinson,Clint,L,L,WAS,1B
rossj002,Ross,Joe,R,R,WAS,P 
rzepm001,Rzepczynski,Marc,L,L,WAS,P
schem001,Scherzer,Max,R,R,WAS,P
sevep001,Severino,Pedro,R,R,WAS,C
solis001,Solis,Sammy,R,L,WAS,P
stras001,Strasburg,Stephen,R,R,WAS,P
taylm002,Taylor,Michael,R,R,WAS,OF
treib001,Treinen,Blake,R,R,WAS,P 
turnt001,Turner,Trea,R,R,WAS,2B
wertj001,Werth,Jayson,R,R,WAS,OF
zimmr001,Zimmerman,Ryan,R,R,WAS,1B
